text,label,predicted_label
"""Our team has been tasked with reviewing the quarterly performance metrics, focusing on optimizing resource allocation for the upcoming budget cycle, though the discussion often veers into operational workflows and system efficiencies.""",Financial,Financial
"""In a recent meeting, we outlined strategies to enhance stakeholder engagement, with a minor note on adjusting investment portfolios to mitigate risks in volatile markets, buried amidst broader branding initiatives.""",Financial,Financial
"""The report primarily details the new compliance protocols for data handling, but includes a brief mention of cost-saving measures through revised vendor contracts in the appendix.""",Financial,Financial
"""While the bulk of our conversation centered on the latest software upgrades, a passing reference was made to reallocating funds from underperforming assets to support the tech rollout.""",Financial,Financial
"""Our primary focus is crafting a narrative around innovation and customer experience, though we did touch upon revenue projections for the next fiscal year in a single slide of the presentation.""",Financial,Financial
"""The documentation is laden with technical specifications for the new infrastructure, yet it subtly embeds a clause about financing options for phased implementation over five years.""",Financial,Technical
"""Amidst the detailed breakdown of regulatory requirements for product launches, there’s a fleeting comment on adjusting profit margins to align with market expectations.""",Financial,Financial
"""We’ve been drafting extensive guidelines for intellectual property protection, with only a vague allusion to budgeting for legal fees tied to potential acquisitions.""",Financial,Legal
"""The discussion was heavily centered on engineering challenges for the prototype, but a minor footnote addresses securing capital through equity offerings to fund further development.""",Financial,Financial
"""Our latest memo emphasizes team-building strategies and corporate culture, slipping in a single line about monitoring cash flow to sustain employee wellness programs.""",Financial,Financial
"""This document outlines the procedural framework for ensuring compliance with internal guidelines, which may be subject to revision based on stakeholder feedback. While it primarily serves as a reference for operational workflows, it also implicitly binds parties to adhere to stipulated terms under specific conditions.""",Legal,Legal
"""Our team has prepared a comprehensive analysis of market trends, but within this report, you'll find certain clauses that protect proprietary information from unauthorized distribution, enforceable under applicable statutes.""",Legal,Legal
"""Innovative strategies for product deployment are discussed herein, yet attention must be drawn to the embedded disclaimers regarding liability limitations that govern the use of this material in any commercial context.""",Legal,Legal
"""The following sections detail cutting-edge solutions for system integration; however, users are advised to note the binding arbitration agreement nestled within the usage terms, which governs dispute resolution.""",Legal,Legal
"""While this brochure highlights the benefits of our latest financial tools, it is imperative to acknowledge the fine print that establishes non-negotiable conditions for engagement, as per regulatory mandates.""",Legal,Financial
"""Explore the exciting features of our new software platform in this guide, but be aware of the underlying covenant not to compete, subtly integrated into the user acceptance criteria.""",Legal,Legal
"""This proposal focuses on optimizing budget allocations for the upcoming quarter, yet it includes a critical rider that imposes strict confidentiality obligations on all involved entities, enforceable by law.""",Legal,Legal
"""Delve into the technical specifications of our groundbreaking hardware, keeping in mind the indemnification provision that shields the manufacturer from certain claims, as outlined in the appended terms.""",Legal,Legal
"""Our latest campaign strategy promises unparalleled reach, though it is accompanied by a subtle waiver of specific rights regarding content reproduction, which holds legal weight in defined jurisdictions.""",Legal,Legal
"""This memo addresses enhancements to corporate infrastructure, but embedded within is a stipulation that mandates adherence to a non-disclosure pact, the breach of which carries significant penalties.""",Legal,Legal
"""Our latest quarterly analysis highlights a unique opportunity to enhance stakeholder engagement through strategic communication plans, subtly aligning with broader corporate goals. This approach, while rooted in data, emphasizes the importance of narrative in driving organizational value.""",Marketing,Financial
"""In the upcoming fiscal period, we propose a framework to optimize resource allocation by leveraging consumer behavior insights, carefully crafting messages that resonate with target demographics, though the focus remains on operational efficiency.""",Marketing,Financial
"""This document outlines a systematic process to elevate brand visibility without overt promotion, integrating nuanced messaging into existing procedural workflows to subtly influence perception while adhering to compliance standards.""",Marketing,Legal
"""We have developed a comprehensive plan to address market positioning through indirect channels, embedding persuasive elements into routine correspondence, ensuring alignment with regulatory expectations and internal protocols.""",Marketing,Financial
"""Our team has identified a method to refine customer interaction protocols by embedding value propositions in technical documentation, maintaining a primary focus on system functionality while subtly guiding user decisions.""",Marketing,Technical
"""The enclosed strategy delineates a pathway to increase product uptake by weaving aspirational themes into standard reporting formats, prioritizing factual accuracy over explicit calls to action.""",Marketing,Financial
"""Through meticulous analysis of engagement metrics, we suggest a recalibration of outreach mechanisms, discreetly embedding cues to foster affiliation, while maintaining a tone consistent with procedural updates.""",Marketing,Financial
"""This proposal integrates subtle advocacy for service adoption within a framework of risk assessment, balancing the need for transparency with the goal of shaping positive impressions among key audiences.""",Marketing,Financial
"""Our updated guidelines incorporate discreet references to brand ethos within operational mandates, ensuring that while the primary intent is process-driven, there remains a faint undercurrent of audience alignment.""",Marketing,Technical
"""We recommend a structured approach to information dissemination that prioritizes clarity and compliance, yet delicately infuses elements of appeal to encourage favorable stakeholder responses in a constrained manner.""",Marketing,Technical
"""While reviewing the latest quarterly projections, our team noticed a recurring issue with the server load balancing algorithm, which seems to inefficiently distribute requests during peak hours. This might impact the timeline for the upcoming product launch if not addressed soon.""",Technical,Technical
"""In a recent meeting, the board discussed the importance of aligning our branding strategy with the new software update rollout, emphasizing how the user interface tweaks could subtly influence customer perceptions over time.""",Technical,Technical
"""Our department is drafting a comprehensive report on market trends, but we’ve hit a snag with the data encryption protocol on the analysis platform, which keeps flagging false positives in the dataset integrity checks.""",Technical,Technical
"""During the annual review, concerns were raised about compliance with data storage regulations, but the real challenge lies in optimizing the backend database schema to handle the increased transaction volume without latency spikes.""",Technical,Technical
"""As part of our outreach campaign, we’re preparing a detailed presentation on consumer behavior, though the team is currently troubleshooting an obscure bug in the visualization tool that distorts the rendering of complex graphs.""",Technical,Technical
"""The latest policy update from headquarters focuses on risk management, yet it barely touches on the critical need to recalibrate the firmware of our IoT devices to prevent intermittent connectivity failures in the field.""",Technical,Technical
"""While crafting the investor pitch, we included a section on growth potential, but had to pause due to an unexpected glitch in the cloud integration layer that’s causing sporadic sync errors with our analytics suite.""",Technical,Financial
"""Our advertising plan for the next quarter is nearly finalized, but we’re still ironing out a peculiar issue with the API endpoint throttling mechanism that’s limiting real-time data feeds for the campaign dashboard.""",Technical,Technical
"""In the midst of negotiating vendor contracts, we’ve encountered a minor setback with the configuration of the VPN tunneling protocol, which is intermittently dropping connections during high-traffic periods.""",Technical,Technical
"""The memo circulated last week highlighted budget allocations, but buried in the appendix was a brief mention of upgrading the legacy codebase to support newer encryption standards before the audit deadline.""",Technical,Financial
